date,stock_name,function_name,function_args
2023-07-20,BABA,get_all_news_metadata_from_a_keyword_on_a_particular_date,Abbvie
2023-07-20,BABA,get_all_news_metadata_from_a_keyword_on_a_particular_date,Abbvie
2023-07-20,BABA,get_all_news_metadata_from_a_keyword_on_a_particular_date,Abbvie
2023-07-20,BABA,get_all_news_metadata_from_a_keyword_on_a_particular_date,Abbvie
2023-07-20,BABA,get_all_news_metadata_from_a_keyword_on_a_particular_date,Abbvie
2023-07-20,BABA,get_all_news_metadata_from_a_keyword_on_a_particular_date,Abbvie
2023-07-20,BABA,get_all_news_metadata_from_a_keyword_on_a_particular_date,Abbvie
2023-07-20,BABA,get_all_news_metadata_from_a_keyword_on_a_particular_date,Abbvie
2023-07-20,BABA,get_all_news_metadata_from_a_keyword_on_a_particular_date,Abbvie
2023-07-20,BABA,get_all_news_metadata_from_a_keyword_on_a_particular_date,Abbvie
2023-07-20,BABA,get_all_news_metadata_from_a_keyword_on_a_particular_date,Abbvie
2023-07-20,BABA,get_all_news_metadata_from_a_keyword_on_a_particular_date,Abbvie
2023-07-20,BABA,get_all_news_metadata_from_a_keyword_on_a_particular_date,Abbvie
